<?xml version="1.0" encoding="utf-8"?>
<!DOCTYPE hibernate-configuration SYSTEM 
"http://www.hibernate.org/dtd/hibernate-configuration-3.0.dtd">

<hibernate-configuration>
   <session-factory>
   <!-- <property name="hibernate.dialect">org.hibernate.dialect.PostgreSQLDialect</property> -->
   <property name="hibernate.dialect">org.hibernate.dialect.MySQLDialect</property>
   
   <!-- <property name="hibernate.connection.driver_class">org.postgresql.Driver</property> -->
   <property name="hibernate.connection.driver_class">com.mysql.jdbc.Driver</property>
   
   <!-- <property name="hibernate.connection.url">jdbc:postgresql://localhost/pi</property> -->
   <property name="hibernate.connection.url">jdbc:mysql://localhost:3306/adm</property>
   <property name="hibernate.connection.username">root</property>
   <property name="hibernate.connection.password">indivar</property>
   <property name="hibernate.hbm2ddl.auto">create</property>
   <property name="connection.pool_size">1</property>
   <property name="current_session_context_class">thread</property>
   <property name="show_sql">true</property>
   <mapping class="com.net.entities.Employee"/>
</session-factory>
</hibernate-configuration>